latitude,longitude,Country,streak_months,streak_start,streak_end,n_users,user_ids,n_obs,Category
47.789612,13.068625,Austria,74.0,2018-08,2024-09,3,"[2316, 7867, 2005]",911,virtual scale
51.580956,-0.87388,United Kingdom,73.0,2020-04,2026-04,1,[27610],157,temporary stream
51.608782,-0.881946,United Kingdom,73.0,2020-04,2026-04,1,[27610],156,temporary stream
51.574168,-0.871882,United Kingdom,73.0,2020-04,2026-04,1,[27610],158,temporary stream
51.602152,-0.880616,United Kingdom,73.0,2020-04,2026-04,1,[27610],156,temporary stream
51.602487,-0.880738,United Kingdom,73.0,2020-04,2026-04,2,"[27610, 34459]",158,temporary stream
51.562064,-0.867595,United Kingdom,73.0,2020-04,2026-04,1,[27610],155,temporary stream
51.581133,-0.873914,United Kingdom,73.0,2020-04,2026-04,2,"[27610, 34459]",157,temporary stream
47.394939,8.733537,Switzerland,72.0,2020-05,2026-04,1,[28919],1927,virtual scale
51.571622,-0.870799,United Kingdom,69.0,2020-04,2025-12,2,"[27610, 93344]",155,temporary stream
47.395523,8.73067,Switzerland,66.0,2020-11,2026-04,1,[28919],1801,virtual scale
52.193365,9.082108,Germany,63.0,2020-09,2025-11,1,[31773],377,temporary stream
51.060439,-115.328485,Canada,63.0,2019-04,2024-06,2,"[15185, 93483]",1743,temporary stream
49.375062,8.889207,Germany,61.0,2020-07,2025-07,1,[30178],1761,physical scale
49.375012,8.888853,Germany,61.0,2020-07,2025-07,1,[30178],1785,physical scale
46.9904,7.450782,Switzerland,54.0,2017-09,2022-02,1,[3065],499,virtual scale
47.726072,13.065014,Austria,54.0,2017-12,2022-05,3,"[2316, 4264, 5659]",1155,virtual scale
48.111849,-1.765761,France,52.0,2021-02,2025-05,1,[16741],53,temporary stream
48.098138,-1.797764,France,52.0,2021-02,2025-05,1,[16741],61,temporary stream
48.095486,-1.851841,France,52.0,2021-02,2025-05,1,[16741],53,temporary stream
48.091771,-1.791987,France,52.0,2021-02,2025-05,1,[16741],57,temporary stream
51.585528,-0.874559,United Kingdom,51.0,2020-04,2024-06,1,[27610],110,temporary stream
46.991798,7.464945,Switzerland,48.0,2018-03,2022-02,1,[3065],271,temporary stream
48.305487,7.869942,Germany,47.0,2020-10,2024-08,2,"[33894, 11596]",233,virtual scale
51.558765,-0.868546,United Kingdom,47.0,2021-03,2025-01,1,[27610],102,temporary stream
47.395013,8.551618,Switzerland,45.0,2020-09,2024-05,23,"[11596, 11370, 2267, 35124, 29636, 36554, 2203, 6542, 38316, 39906, 45549, 57568, 57523, 57517, 57582, 59268, 71939, 71946, 77374, 78339, 65505, 95698, 51824]",270,temporary stream
47.03009,7.51161,Switzerland,45.0,2018-06,2022-02,1,[3065],431,virtual scale
48.108776,-1.76325,France,44.0,2021-10,2025-05,1,[16741],45,temporary stream
48.110065,-1.764881,France,44.0,2021-10,2025-05,1,[16741],44,temporary stream
47.395864,8.554719,Switzerland,44.0,2020-10,2024-05,9,"[11370, 29636, 35124, 37357, 2203, 2267, 59268, 36126, 77374]",174,temporary stream
47.391566,8.557843,Switzerland,44.0,2020-10,2024-05,6,"[11370, 35124, 29636, 6542, 38316, 36126]",226,temporary stream
47.389403,8.56156,Switzerland,44.0,2020-10,2024-05,19,"[11370, 35073, 35124, 29636, 37064, 6542, 36554, 2203, 39177, 36126, 48606, 51761, 64580, 67410, 74175, 6097, 32346, 85890, 95698]",284,temporary stream
47.391386,8.560455,Switzerland,44.0,2020-10,2024-05,14,"[11370, 35073, 35124, 29636, 6542, 2203, 38289, 39558, 38316, 2258, 38059, 59554, 76739, 88137]",270,temporary stream
48.107407,-1.759009,France,44.0,2021-10,2025-05,1,[16741],46,temporary stream
47.395096,8.570016,Switzerland,43.0,2020-11,2024-05,23,"[11370, 35073, 35124, 29636, 36538, 11596, 36807, 36849, 37202, 2203, 39441, 48424, 53539, 36126, 35174, 6097, 62555, 51631, 64372, 79585, 78311, 87707, 95035]",206,temporary stream
47.38787,8.563581,Switzerland,43.0,2020-11,2024-05,18,"[11370, 35073, 35124, 29636, 36890, 6542, 37366, 2203, 38289, 11596, 39502, 48606, 51761, 2267, 55655, 59554, 63890, 78311]",272,temporary stream
47.392019,8.569112,Switzerland,43.0,2020-11,2024-05,20,"[11370, 35073, 35124, 29636, 36304, 37070, 38289, 38290, 38059, 48606, 51761, 11596, 53942, 56404, 6097, 64580, 36126, 81536, 94682, 97223]",195,temporary stream
47.396384,8.567287,Switzerland,43.0,2020-11,2024-05,22,"[11370, 35043, 35073, 35069, 35124, 29636, 36554, 11596, 36854, 36858, 36538, 37245, 36126, 2203, 2267, 40016, 54127, 60224, 62018, 5462, 81011, 95268]",204,temporary stream
46.461532,6.837685,Switzerland,43.0,2021-05,2024-11,2,"[39422, 52314]",379,virtual scale
47.395183,8.570167,Switzerland,42.0,2020-12,2024-05,6,"[35124, 11370, 11596, 29636, 36126, 6097]",164,temporary stream
47.390484,8.560081,Switzerland,42.0,2020-12,2024-05,6,"[37064, 35124, 38316, 11370, 6542, 78311]",206,temporary stream
47.397035,8.563857,Switzerland,41.0,2021-01,2024-05,5,"[35124, 2203, 36126, 11596, 11370]",160,temporary stream
48.106765,-1.804526,France,38.0,2022-04,2025-05,1,[16741],41,temporary stream
46.989099,7.462622,Switzerland,38.0,2019-01,2022-02,1,[3065],203,soil moisture
48.088347,-1.779942,France,37.0,2022-05,2025-05,1,[16741],38,temporary stream
47.39214,8.571244,Switzerland,37.0,2021-05,2024-05,5,"[36126, 35124, 11596, 11370, 64580]",145,temporary stream
44.236064,-69.099955,United States of America,36.0,2023-05,2026-04,2,"[82037, 108071]",358,physical scale
47.388274,8.564053,Switzerland,34.0,2021-08,2024-05,4,"[11370, 35124, 59271, 6542]",141,temporary stream
48.106979,-1.80085,France,34.0,2022-08,2025-05,1,[16741],38,temporary stream
47.388087,8.563878,Switzerland,34.0,2021-08,2024-05,3,"[11370, 35124, 6542]",112,temporary stream
47.393323,8.553011,Switzerland,33.0,2020-10,2023-06,34,"[11370, 2267, 35124, 29636, 35961, 34459, 6542, 37064, 11596, 38386, 38602, 38660, 2203, 38316, 39502, 39784, 39906, 38051, 44485, 48606, 52836, 52894, 36126, 6097, 29918, 59117, 63890, 6400, 64580, 53508, 70957, 73050, 78311, 83061]",258,temporary stream
47.391693,8.555383,Switzerland,33.0,2020-10,2023-06,23,"[11370, 2267, 35124, 29636, 35969, 36554, 11596, 37064, 37794, 2203, 38051, 38055, 6542, 39177, 38316, 39300, 39906, 52522, 53508, 53509, 57328, 36126, 78779]",223,temporary stream
47.396071,8.56832,Switzerland,32.0,2021-10,2024-05,4,"[35124, 11370, 62018, 64580]",113,temporary stream
48.327366,16.216394,Austria,32.0,2020-07,2023-02,2,"[29542, 32535]",270,virtual scale
47.391974,8.552873,Switzerland,32.0,2020-11,2023-06,9,"[29636, 35124, 37064, 6542, 39784, 39906, 45549, 5462, 11370]",177,virtual scale
48.328912,16.214674,Austria,32.0,2020-07,2023-02,1,[29542],588,temporary stream
48.345657,16.238686,Austria,32.0,2020-07,2023-02,2,"[29542, 25791]",163,virtual scale
46.990429,7.450526,Switzerland,31.0,2019-08,2022-02,1,[3065],283,virtual scale
48.34557,16.239102,Austria,30.0,2020-09,2023-02,1,[29542],148,soil moisture
48.108266,-1.805726,France,30.0,2022-12,2025-05,1,[16741],31,temporary stream
48.098572,-1.833989,France,29.0,2023-01,2025-05,1,[16741],30,temporary stream
48.095959,-1.83748,France,29.0,2023-01,2025-05,1,[16741],31,temporary stream
48.179503,16.259209,Austria,29.0,2021-02,2023-06,2,"[476, 829]",228,temporary stream
47.392078,8.571412,Switzerland,28.0,2022-02,2024-05,2,"[11370, 35124]",85,temporary stream
48.093881,-1.799795,France,27.0,2021-02,2023-04,1,[16741],30,temporary stream
47.395753,8.568958,Switzerland,26.0,2022-04,2024-05,2,"[35124, 11370]",75,temporary stream
45.939624,5.339558,France,26.0,2020-02,2022-03,1,[25925],46,temporary stream
51.546977,-3.26152,United Kingdom,26.0,2019-12,2022-01,1,[17235],166,temporary stream
51.546988,-3.261001,United Kingdom,26.0,2019-12,2022-01,1,[17235],166,temporary stream
45.929578,5.347315,France,26.0,2020-02,2022-03,2,"[25925, 17059]",56,temporary stream
51.546732,-3.264197,United Kingdom,26.0,2019-12,2022-01,1,[17235],127,temporary stream
51.547258,-3.260742,United Kingdom,26.0,2019-12,2022-01,1,[17235],166,temporary stream
48.179503,16.259209,Austria,23.0,2023-08,2025-06,2,"[476, 829]",197,temporary stream
46.996912,7.437544,Switzerland,22.0,2017-09,2019-06,1,[3065],89,virtual scale
51.540098,-3.264515,United Kingdom,22.0,2020-04,2022-01,1,[17235],138,virtual scale
53.891861,-9.17126,Ireland,22.0,2023-08,2025-05,1,[78277],89,virtual scale
51.018813,13.758159,Germany,22.0,2021-03,2022-12,1,[40769],76,virtual scale
47.726031,13.064971,Austria,22.0,2018-12,2020-09,2,"[2316, 4264]",562,soil moisture
39.10845,-121.338653,United States of America,21.0,2023-08,2025-04,1,[72995],65,physical scale
47.127686,8.743197,Switzerland,21.0,2019-02,2020-10,4,"[4152, 6542, 2203, 2005]",240,virtual scale
47.985418,7.959271,Germany,21.0,2021-10,2023-06,1,[11290],148,virtual scale
48.092295,-1.805945,France,20.0,2021-09,2023-04,1,[16741],23,temporary stream
48.34563,16.239208,Austria,20.0,2021-01,2022-08,1,[29542],88,soil moisture
47.985406,7.959071,Germany,18.0,2019-01,2020-06,1,[11290],187,virtual scale
48.125518,15.129206,Austria,18.0,2018-03,2019-08,1,[5514],74,virtual scale
38.910211,-77.318062,United States of America,18.0,2021-09,2023-02,1,[56020],144,virtual scale
48.106979,-1.80085,France,17.0,2021-02,2022-06,1,[16741],20,temporary stream
47.303375,7.695009,Switzerland,17.0,2018-06,2019-10,1,[7079],214,virtual scale
46.505148,6.641866,Switzerland,16.0,2023-03,2024-06,1,[52314],92,virtual scale
47.391856,8.523348,Switzerland,16.0,2017-04,2018-07,5,"[2277, 2519, 2005, 1996, 4198]",65,virtual scale
47.319702,8.482807,Switzerland,16.0,2021-08,2022-11,3,"[6400, 2267, 3072]",39,temporary stream
47.316854,7.652748,Switzerland,16.0,2018-06,2019-09,1,[7079],161,soil moisture
44.223495,-69.079544,United States of America,16.0,2023-05,2024-08,1,[82037],114,physical scale
47.318585,8.482644,Switzerland,16.0,2021-08,2022-11,3,"[6400, 2267, 3072]",40,temporary stream
41.970688,75.750345,Kyrgyzstan,16.0,2024-08,2025-11,2,"[87715, 85987]",27,virtual scale
47.394524,8.576044,Switzerland,15.0,2021-09,2022-11,2,"[35124, 11370]",52,temporary stream
47.383756,8.578685,Switzerland,15.0,2021-09,2022-11,1,[35124],52,temporary stream
44.235586,-69.100391,United States of America,15.0,2023-06,2024-08,1,[82037],95,virtual scale
52.858377,-6.106779,Ireland,15.0,2023-03,2024-05,1,[77727],39,virtual scale
-37.830344,-71.674649,Chile,15.0,2020-05,2021-07,6,"[28674, 28321, 28317, 28694, 28682, 28688]",194,virtual scale
47.381577,8.577933,Switzerland,15.0,2021-09,2022-11,2,"[35124, 65630]",54,temporary stream
47.391408,8.57954,Switzerland,15.0,2021-09,2022-11,2,"[35124, 11370]",53,temporary stream
48.092295,-1.805945,France,15.0,2023-06,2024-08,1,[16741],15,temporary stream
51.549273,-3.259434,United Kingdom,15.0,2020-08,2021-10,1,[17235],42,temporary stream
47.377942,8.577293,Switzerland,15.0,2021-09,2022-11,1,[35124],52,temporary stream
39.769733,2.714927,Spain,15.0,2019-03,2020-05,1,[12938],55,temporary stream
46.973372,7.477991,Switzerland,15.0,2020-12,2022-02,1,[3065],77,physical scale
48.093881,-1.799795,France,15.0,2023-06,2024-08,1,[16741],16,temporary stream
47.985418,7.959271,Germany,15.0,2020-06,2021-08,1,[11290],201,virtual scale
47.391318,8.579599,Switzerland,15.0,2021-09,2022-11,2,"[35124, 11370]",53,temporary stream
47.396246,8.547143,Switzerland,15.0,2021-02,2022-04,18,"[2203, 6542, 50994, 50990, 50991, 51008, 51009, 51006, 51018, 51017, 33740, 11370, 6400, 57517, 57582, 57568, 57523, 57551]",75,temporary stream
47.39574,8.547442,Switzerland,15.0,2021-02,2022-04,11,"[2203, 6542, 39784, 11596, 51001, 51017, 51009, 11370, 6400, 57568, 57523]",63,temporary stream
47.394035,8.576515,Switzerland,15.0,2021-09,2022-11,2,"[35124, 11370]",53,temporary stream
47.390763,8.580509,Switzerland,15.0,2021-09,2022-11,2,"[35124, 11370]",53,temporary stream
47.390136,8.581164,Switzerland,15.0,2021-09,2022-11,2,"[35124, 11370]",53,temporary stream
47.378601,8.582788,Switzerland,15.0,2021-09,2022-11,1,[35124],52,temporary stream
47.376664,8.583599,Switzerland,15.0,2021-09,2022-11,1,[35124],52,temporary stream
47.395954,8.575262,Switzerland,15.0,2021-09,2022-11,2,"[35124, 11370]",52,temporary stream
41.572633,75.868988,Kyrgyzstan,14.0,2024-09,2025-10,2,"[87715, 85987]",29,virtual scale
47.39641,8.572059,Switzerland,14.0,2021-10,2022-11,2,"[35124, 11370]",49,temporary stream
47.324408,8.479897,Switzerland,14.0,2021-05,2022-06,4,"[6400, 2258, 2267, 3072]",31,temporary stream
42.771621,77.474021,Kyrgyzstan,14.0,2024-08,2025-09,2,"[5659, 87709]",54,virtual scale
47.391665,8.559101,Switzerland,14.0,2023-04,2024-05,1,[35124],30,temporary stream
51.567633,-0.868554,United Kingdom,14.0,2025-03,2026-04,1,[27610],30,temporary stream
51.546418,-3.274238,United Kingdom,13.0,2021-01,2022-01,1,[17235],81,virtual scale
39.769167,2.717064,Spain,13.0,2019-03,2020-03,1,[12938],38,temporary stream
51.545559,-3.274176,United Kingdom,13.0,2021-01,2022-01,1,[17235],75,temporary stream
37.43407,-8.454358,Portugal,13.0,2019-04,2020-04,1,[15038],42,temporary stream
51.567633,-0.868554,United Kingdom,13.0,2024-01,2025-01,1,[27610],27,temporary stream
47.991777,7.87952,Germany,13.0,2024-05,2025-05,4,"[96924, 98295, 99151, 111117]",42,physical scale
48.327996,16.20749,Austria,13.0,2021-08,2022-08,1,[29542],32,virtual scale
-37.841612,-71.689968,Chile,12.0,2020-05,2021-04,5,"[28321, 28317, 28694, 28682, 28674]",156,virtual scale
51.544741,-3.273135,United Kingdom,12.0,2021-02,2022-01,1,[17235],74,temporary stream
39.768207,2.714873,Spain,12.0,2019-03,2020-02,1,[12938],43,temporary stream
39.769743,2.714959,Spain,12.0,2019-03,2020-02,1,[12938],51,temporary stream
39.790712,2.690237,Spain,12.0,2019-03,2020-02,2,"[12938, 11960]",38,temporary stream
39.790791,2.693782,Spain,12.0,2019-03,2020-02,2,"[12938, 11960]",32,temporary stream
39.769792,2.714966,Spain,12.0,2019-03,2020-02,1,[12938],52,temporary stream
39.772332,2.719648,Spain,12.0,2019-03,2020-02,1,[12938],29,temporary stream
47.246763,8.629945,Switzerland,12.0,2019-12,2020-11,1,[24232],34,virtual scale
52.412136,13.825961,Germany,12.0,2020-08,2021-07,1,[29254],106,physical scale
