user_id,n_spots,spots,weighted_spots
3065,12,"[(47.03009, 7.51161, 'virtual scale', '2020-06-24', '2021-09-01'), (46.990429, 7.450526, 'virtual scale', '2019-09-23', '2020-11-14'), (46.9904, 7.450782, 'virtual scale', '2019-09-23', '2020-11-14'), (46.989099, 7.462622, 'soil moisture', '2019-09-26', '2020-08-30'), (46.9904, 7.450782, 'virtual scale', '2018-10-13', '2019-06-27'), (46.991798, 7.464945, 'temporary stream', '2018-10-13', '2019-06-26'), (47.03009, 7.51161, 'virtual scale', '2018-10-15', '2019-06-27'), (47.03009, 7.51161, 'virtual scale', '2019-09-24', '2020-06-04'), (46.991798, 7.464945, 'temporary stream', '2019-09-26', '2020-06-04'), (46.9904, 7.450782, 'virtual scale', '2020-11-29', '2021-08-07'), (46.990429, 7.450526, 'virtual scale', '2020-11-29', '2021-08-07'), (46.973372, 7.477991, 'physical scale', '2021-01-23', '2021-08-07')]",12.0
35124,31,"[(47.389403, 8.56156, 'temporary stream', '2020-11-03', '2022-08-07'), (47.38787, 8.563581, 'temporary stream', '2020-11-03', '2022-08-07'), (47.391386, 8.560455, 'temporary stream', '2020-11-03', '2022-08-07'), (47.393323, 8.553011, 'temporary stream', '2020-11-11', '2022-08-07'), (47.391693, 8.555383, 'temporary stream', '2021-01-22', '2022-08-07'), (47.395096, 8.570016, 'temporary stream', '2021-01-26', '2022-08-07'), (47.391566, 8.557843, 'temporary stream', '2021-01-26', '2022-08-07'), (47.391974, 8.552873, 'virtual scale', '2021-01-26', '2022-08-07'), (47.395183, 8.570167, 'temporary stream', '2021-03-14', '2022-08-07'), (47.392019, 8.569112, 'temporary stream', '2021-03-14', '2022-08-07'), (47.390484, 8.560081, 'temporary stream', '2021-03-14', '2022-08-07'), (47.396384, 8.567287, 'temporary stream', '2021-03-14', '2022-08-07'), (47.397035, 8.563857, 'temporary stream', '2021-03-14', '2022-08-07'), (47.395864, 8.554719, 'temporary stream', '2021-03-09', '2022-06-26'), (47.39214, 8.571244, 'temporary stream', '2021-05-11', '2022-08-07'), (47.395013, 8.551618, 'temporary stream', '2021-01-26', '2022-02-17'), (47.388274, 8.564053, 'temporary stream', '2021-08-13', '2022-08-07'), (47.388087, 8.563878, 'temporary stream', '2021-08-13', '2022-08-07'), (47.377942, 8.577293, 'temporary stream', '2021-09-26', '2022-08-09'), (47.394035, 8.576515, 'temporary stream', '2021-09-26', '2022-08-09'), (47.378601, 8.582788, 'temporary stream', '2021-09-26', '2022-08-09'), (47.390763, 8.580509, 'temporary stream', '2021-09-26', '2022-08-09'), (47.391408, 8.57954, 'temporary stream', '2021-09-26', '2022-08-09'), (47.383756, 8.578685, 'temporary stream', '2021-09-26', '2022-08-09'), (47.390136, 8.581164, 'temporary stream', '2021-09-26', '2022-08-09'), (47.391318, 8.579599, 'temporary stream', '2021-09-26', '2022-08-09'), (47.381577, 8.577933, 'temporary stream', '2021-09-26', '2022-08-09'), (47.376664, 8.583599, 'temporary stream', '2021-09-26', '2022-08-09'), (47.395954, 8.575262, 'temporary stream', '2021-09-30', '2022-08-09'), (47.394524, 8.576044, 'temporary stream', '2021-09-30', '2022-08-09'), (47.396071, 8.56832, 'temporary stream', '2021-10-07', '2022-08-07')]",10.985
11370,25,"[(47.389403, 8.56156, 'temporary stream', '2020-11-03', '2022-08-07'), (47.38787, 8.563581, 'temporary stream', '2020-11-03', '2022-08-07'), (47.391386, 8.560455, 'temporary stream', '2020-11-03', '2022-08-07'), (47.393323, 8.553011, 'temporary stream', '2020-11-11', '2022-08-07'), (47.391693, 8.555383, 'temporary stream', '2021-01-22', '2022-08-07'), (47.395096, 8.570016, 'temporary stream', '2021-01-26', '2022-08-07'), (47.391566, 8.557843, 'temporary stream', '2021-01-26', '2022-08-07'), (47.395183, 8.570167, 'temporary stream', '2021-03-14', '2022-08-07'), (47.392019, 8.569112, 'temporary stream', '2021-03-14', '2022-08-07'), (47.390484, 8.560081, 'temporary stream', '2021-03-14', '2022-08-07'), (47.396384, 8.567287, 'temporary stream', '2021-03-14', '2022-08-07'), (47.397035, 8.563857, 'temporary stream', '2021-03-14', '2022-08-07'), (47.395864, 8.554719, 'temporary stream', '2021-03-09', '2022-06-26'), (47.39214, 8.571244, 'temporary stream', '2021-05-11', '2022-08-07'), (47.395013, 8.551618, 'temporary stream', '2021-01-26', '2022-02-17'), (47.388274, 8.564053, 'temporary stream', '2021-08-13', '2022-08-07'), (47.388087, 8.563878, 'temporary stream', '2021-08-13', '2022-08-07'), (47.394035, 8.576515, 'temporary stream', '2021-09-26', '2022-08-09'), (47.390763, 8.580509, 'temporary stream', '2021-09-26', '2022-08-09'), (47.391408, 8.57954, 'temporary stream', '2021-09-26', '2022-08-09'), (47.390136, 8.581164, 'temporary stream', '2021-09-26', '2022-08-09'), (47.391318, 8.579599, 'temporary stream', '2021-09-26', '2022-08-09'), (47.395954, 8.575262, 'temporary stream', '2021-09-30', '2022-08-09'), (47.394524, 8.576044, 'temporary stream', '2021-09-30', '2022-08-09'), (47.396071, 8.56832, 'temporary stream', '2021-10-07', '2022-08-07')]",6.342
28919,6,"[(47.394939, 8.733537, 'virtual scale', '2022-07-11', '2024-09-09'), (47.395523, 8.73067, 'virtual scale', '2022-07-11', '2024-09-09'), (47.394939, 8.733537, 'virtual scale', '2020-05-22', '2022-06-22'), (47.395523, 8.73067, 'virtual scale', '2020-11-12', '2022-06-22'), (47.395523, 8.73067, 'virtual scale', '2024-09-24', '2026-04-30'), (47.394939, 8.733537, 'virtual scale', '2024-09-24', '2026-04-30')]",6.0
109461,9,"[(50.332199, 11.75478, 'soil moisture', '2025-09-29', '2026-04-26'), (50.325182, 11.738552, 'physical scale', '2025-09-29', '2026-04-26'), (50.331795, 11.754986, 'virtual scale', '2025-09-29', '2026-04-26'), (50.332202, 11.75482, 'physical scale', '2025-09-29', '2026-04-26'), (50.325226, 11.738534, 'soil moisture', '2025-09-29', '2026-04-26'), (50.325051, 11.738441, 'virtual scale', '2025-09-29', '2026-04-26'), (50.343899, 11.776177, 'temporary stream', '2025-10-04', '2026-04-26'), (50.343263, 11.7755, 'soil moisture', '2025-10-04', '2026-04-26'), (50.343909, 11.776228, 'temporary stream', '2025-10-04', '2026-04-26')]",5.7
29542,6,"[(48.328912, 16.214674, 'temporary stream', '2020-07-28', '2022-07-09'), (48.327366, 16.216394, 'virtual scale', '2020-07-28', '2022-04-27'), (48.34557, 16.239102, 'soil moisture', '2020-09-20', '2022-06-19'), (48.34563, 16.239208, 'soil moisture', '2021-01-05', '2022-06-19'), (48.345657, 16.238686, 'virtual scale', '2020-07-27', '2021-10-14'), (48.345657, 16.238686, 'virtual scale', '2021-10-31', '2022-06-19')]",5.0
31773,4,"[(52.193365, 9.082108, 'temporary stream', '2021-03-21', '2022-09-08'), (52.193365, 9.082108, 'temporary stream', '2023-10-04', '2024-07-01'), (52.193365, 9.082108, 'temporary stream', '2022-09-29', '2023-05-07'), (52.193365, 9.082108, 'temporary stream', '2025-01-02', '2025-08-02')]",4.0
82037,3,"[(44.236064, -69.099955, 'physical scale', '2023-05-15', '2024-11-04'), (44.223495, -69.079544, 'physical scale', '2023-05-16', '2023-12-26'), (44.235586, -69.100391, 'virtual scale', '2023-11-13', '2024-06-03')]",3.0
11290,3,"[(47.985418, 7.959271, 'virtual scale', '2020-06-17', '2021-04-19'), (47.985406, 7.959071, 'virtual scale', '2019-10-07', '2020-06-13'), (47.985406, 7.959071, 'virtual scale', '2019-01-14', '2019-07-31')]",3.0
30178,2,"[(49.375012, 8.888853, 'physical scale', '2020-07-28', '2025-07-24'), (49.375062, 8.889207, 'physical scale', '2020-07-28', '2025-07-24')]",2.0
39422,2,"[(46.461532, 6.837685, 'virtual scale', '2022-11-01', '2023-07-19'), (46.461532, 6.837685, 'virtual scale', '2022-01-01', '2022-07-19')]",2.0
6542,12,"[(47.389403, 8.56156, 'temporary stream', '2020-11-03', '2022-08-07'), (47.38787, 8.563581, 'temporary stream', '2020-11-03', '2022-08-07'), (47.391386, 8.560455, 'temporary stream', '2020-11-03', '2022-08-07'), (47.393323, 8.553011, 'temporary stream', '2020-11-11', '2022-08-07'), (47.391693, 8.555383, 'temporary stream', '2021-01-22', '2022-08-07'), (47.391566, 8.557843, 'temporary stream', '2021-01-26', '2022-08-07'), (47.391974, 8.552873, 'virtual scale', '2021-01-26', '2022-08-07'), (47.390484, 8.560081, 'temporary stream', '2021-03-14', '2022-08-07'), (47.127686, 8.743197, 'virtual scale', '2019-04-18', '2020-06-17'), (47.395013, 8.551618, 'temporary stream', '2021-01-26', '2022-02-17'), (47.388274, 8.564053, 'temporary stream', '2021-08-13', '2022-08-07'), (47.388087, 8.563878, 'temporary stream', '2021-08-13', '2022-08-07')]",1.939
7867,3,"[(47.789612, 13.068625, 'virtual scale', '2018-08-17', '2020-09-10'), (47.789612, 13.068625, 'virtual scale', '2020-09-25', '2021-08-10'), (47.789612, 13.068625, 'virtual scale', '2021-11-30', '2022-09-28')]",1.833
2316,4,"[(47.726072, 13.065014, 'virtual scale', '2017-12-25', '2021-11-04'), (47.789612, 13.068625, 'virtual scale', '2018-08-17', '2020-09-10'), (47.726031, 13.064971, 'soil moisture', '2018-12-27', '2020-09-13'), (47.789612, 13.068625, 'virtual scale', '2021-11-30', '2022-09-28')]",1.667
2005,4,"[(47.789612, 13.068625, 'virtual scale', '2018-08-17', '2020-09-10'), (47.127686, 8.743197, 'virtual scale', '2019-04-18', '2020-06-17'), (47.942193, 12.934135, 'virtual scale', '2018-12-28', '2019-09-27'), (47.391856, 8.523348, 'virtual scale', '2017-05-30', '2017-12-03')]",1.417
36126,9,"[(47.389403, 8.56156, 'temporary stream', '2020-11-03', '2022-08-07'), (47.393323, 8.553011, 'temporary stream', '2020-11-11', '2022-08-07'), (47.391693, 8.555383, 'temporary stream', '2021-01-22', '2022-08-07'), (47.395096, 8.570016, 'temporary stream', '2021-01-26', '2022-08-07'), (47.391566, 8.557843, 'temporary stream', '2021-01-26', '2022-08-07'), (47.395183, 8.570167, 'temporary stream', '2021-03-14', '2022-08-07'), (47.396384, 8.567287, 'temporary stream', '2021-03-14', '2022-08-07'), (47.397035, 8.563857, 'temporary stream', '2021-03-14', '2022-08-07'), (47.39214, 8.571244, 'temporary stream', '2021-05-11', '2022-08-07')]",1.115
109460,3,"[(50.325182, 11.738552, 'physical scale', '2025-09-29', '2026-04-26'), (50.331795, 11.754986, 'virtual scale', '2025-09-29', '2026-04-26'), (50.325226, 11.738534, 'soil moisture', '2025-09-29', '2026-04-26')]",1.033
29636,9,"[(47.389403, 8.56156, 'temporary stream', '2020-11-03', '2022-08-07'), (47.38787, 8.563581, 'temporary stream', '2020-11-03', '2022-08-07'), (47.391386, 8.560455, 'temporary stream', '2020-11-03', '2022-08-07'), (47.393323, 8.553011, 'temporary stream', '2020-11-11', '2022-08-07'), (47.395096, 8.570016, 'temporary stream', '2021-01-26', '2022-08-07'), (47.391566, 8.557843, 'temporary stream', '2021-01-26', '2022-08-07'), (47.395183, 8.570167, 'temporary stream', '2021-03-14', '2022-08-07'), (47.396384, 8.567287, 'temporary stream', '2021-03-14', '2022-08-07'), (47.395864, 8.554719, 'temporary stream', '2021-03-09', '2022-06-26')]",1.002
33894,1,"[(48.305487, 7.869942, 'virtual scale', '2021-01-07', '2022-04-19')]",1.0
7079,1,"[(47.316854, 7.652748, 'soil moisture', '2018-06-19', '2019-01-14')]",1.0
99185,3,"[(50.331795, 11.754986, 'virtual scale', '2025-09-29', '2026-04-26'), (50.332202, 11.75482, 'physical scale', '2025-09-29', '2026-04-26'), (50.325051, 11.738441, 'virtual scale', '2025-09-29', '2026-04-26')]",1.0
476,1,"[(48.179503, 16.259209, 'temporary stream', '2021-07-13', '2022-03-30')]",1.0
49909,1,"[(-27.548102, 153.026157, 'temporary stream', '2021-05-28', '2022-03-01')]",1.0
87709,1,"[(42.771621, 77.474021, 'virtual scale', '2024-12-22', '2025-09-21')]",1.0
12938,1,"[(39.767282, 2.714691, 'temporary stream', '2019-03-16', '2019-10-09')]",1.0
11596,8,"[(47.38787, 8.563581, 'temporary stream', '2020-11-03', '2022-08-07'), (47.393323, 8.553011, 'temporary stream', '2020-11-11', '2022-08-07'), (47.391693, 8.555383, 'temporary stream', '2021-01-22', '2022-08-07'), (47.395096, 8.570016, 'temporary stream', '2021-01-26', '2022-08-07'), (47.395183, 8.570167, 'temporary stream', '2021-03-14', '2022-08-07'), (47.392019, 8.569112, 'temporary stream', '2021-03-14', '2022-08-07'), (47.397035, 8.563857, 'temporary stream', '2021-03-14', '2022-08-07'), (47.39214, 8.571244, 'temporary stream', '2021-05-11', '2022-08-07')]",0.927
4264,2,"[(47.726072, 13.065014, 'virtual scale', '2017-12-25', '2021-11-04'), (47.726031, 13.064971, 'soil moisture', '2018-12-27', '2020-09-13')]",0.833
2203,8,"[(47.389403, 8.56156, 'temporary stream', '2020-11-03', '2022-08-07'), (47.38787, 8.563581, 'temporary stream', '2020-11-03', '2022-08-07'), (47.391386, 8.560455, 'temporary stream', '2020-11-03', '2022-08-07'), (47.393323, 8.553011, 'temporary stream', '2020-11-11', '2022-08-07'), (47.391693, 8.555383, 'temporary stream', '2021-01-22', '2022-08-07'), (47.395096, 8.570016, 'temporary stream', '2021-01-26', '2022-08-07'), (47.127686, 8.743197, 'virtual scale', '2019-04-18', '2020-06-17'), (47.395013, 8.551618, 'temporary stream', '2021-01-26', '2022-02-17')]",0.784
64580,5,"[(47.389403, 8.56156, 'temporary stream', '2020-11-03', '2022-08-07'), (47.393323, 8.553011, 'temporary stream', '2020-11-11', '2022-08-07'), (47.392019, 8.569112, 'temporary stream', '2021-03-14', '2022-08-07'), (47.39214, 8.571244, 'temporary stream', '2021-05-11', '2022-08-07'), (47.396071, 8.56832, 'temporary stream', '2021-10-07', '2022-08-07')]",0.646
125372,2,"[(50.325182, 11.738552, 'physical scale', '2025-09-29', '2026-04-26'), (50.332202, 11.75482, 'physical scale', '2025-09-29', '2026-04-26')]",0.533
32535,1,"[(48.327366, 16.216394, 'virtual scale', '2020-07-28', '2022-04-27')]",0.5
25791,1,"[(48.345657, 16.238686, 'virtual scale', '2020-07-27', '2021-10-14')]",0.5
11266,1,"[(47.942193, 12.934135, 'virtual scale', '2018-12-28', '2019-09-27')]",0.5
93483,1,"[(51.060439, -115.328485, 'temporary stream', '2019-08-02', '2024-05-30')]",0.5
65630,1,"[(47.381577, 8.577933, 'temporary stream', '2021-09-26', '2022-08-09')]",0.5
15185,1,"[(51.060439, -115.328485, 'temporary stream', '2019-08-02', '2024-05-30')]",0.5
38316,5,"[(47.391386, 8.560455, 'temporary stream', '2020-11-03', '2022-08-07'), (47.393323, 8.553011, 'temporary stream', '2020-11-11', '2022-08-07'), (47.391693, 8.555383, 'temporary stream', '2021-01-22', '2022-08-07'), (47.391566, 8.557843, 'temporary stream', '2021-01-26', '2022-08-07'), (47.395013, 8.551618, 'temporary stream', '2021-01-26', '2022-02-17')]",0.416
28321,2,"[(-37.841612, -71.689968, 'virtual scale', '2020-05-16', '2020-12-17'), (-37.830344, -71.674649, 'virtual scale', '2020-05-20', '2020-12-17')]",0.367
28674,2,"[(-37.841612, -71.689968, 'virtual scale', '2020-05-16', '2020-12-17'), (-37.830344, -71.674649, 'virtual scale', '2020-05-20', '2020-12-17')]",0.367
28682,2,"[(-37.841612, -71.689968, 'virtual scale', '2020-05-16', '2020-12-17'), (-37.830344, -71.674649, 'virtual scale', '2020-05-20', '2020-12-17')]",0.367
28694,2,"[(-37.841612, -71.689968, 'virtual scale', '2020-05-16', '2020-12-17'), (-37.830344, -71.674649, 'virtual scale', '2020-05-20', '2020-12-17')]",0.367
28317,2,"[(-37.841612, -71.689968, 'virtual scale', '2020-05-16', '2020-12-17'), (-37.830344, -71.674649, 'virtual scale', '2020-05-20', '2020-12-17')]",0.367
6097,4,"[(47.393323, 8.553011, 'temporary stream', '2020-11-11', '2022-08-07'), (47.395096, 8.570016, 'temporary stream', '2021-01-26', '2022-08-07'), (47.395183, 8.570167, 'temporary stream', '2021-03-14', '2022-08-07'), (47.392019, 8.569112, 'temporary stream', '2021-03-14', '2022-08-07')]",0.362
62018,2,"[(47.396384, 8.567287, 'temporary stream', '2021-03-14', '2022-08-07'), (47.396071, 8.56832, 'temporary stream', '2021-10-07', '2022-08-07')]",0.35
118665,1,"[(50.325051, 11.738441, 'virtual scale', '2025-09-29', '2026-04-26')]",0.333
5659,1,"[(47.726072, 13.065014, 'virtual scale', '2017-12-25', '2021-11-04')]",0.333
59268,2,"[(47.395864, 8.554719, 'temporary stream', '2021-03-09', '2022-06-26'), (47.395013, 8.551618, 'temporary stream', '2021-01-26', '2022-02-17')]",0.327
39906,4,"[(47.393323, 8.553011, 'temporary stream', '2020-11-11', '2022-08-07'), (47.391693, 8.555383, 'temporary stream', '2021-01-22', '2022-08-07'), (47.391974, 8.552873, 'virtual scale', '2021-01-26', '2022-08-07'), (47.395013, 8.551618, 'temporary stream', '2021-01-26', '2022-02-17')]",0.309
35073,4,"[(47.389403, 8.56156, 'temporary stream', '2020-11-03', '2022-08-07'), (47.38787, 8.563581, 'temporary stream', '2020-11-03', '2022-08-07'), (47.391386, 8.560455, 'temporary stream', '2020-11-03', '2022-08-07'), (47.392019, 8.569112, 'temporary stream', '2021-03-14', '2022-08-07')]",0.304
37064,4,"[(47.389403, 8.56156, 'temporary stream', '2020-11-03', '2022-08-07'), (47.393323, 8.553011, 'temporary stream', '2020-11-11', '2022-08-07'), (47.391693, 8.555383, 'temporary stream', '2021-01-22', '2022-08-07'), (47.391974, 8.552873, 'virtual scale', '2021-01-26', '2022-08-07')]",0.303
48606,4,"[(47.389403, 8.56156, 'temporary stream', '2020-11-03', '2022-08-07'), (47.38787, 8.563581, 'temporary stream', '2020-11-03', '2022-08-07'), (47.393323, 8.553011, 'temporary stream', '2020-11-11', '2022-08-07'), (47.392019, 8.569112, 'temporary stream', '2021-03-14', '2022-08-07')]",0.254
59271,1,"[(47.388274, 8.564053, 'temporary stream', '2021-08-13', '2022-08-07')]",0.25
2277,1,"[(47.391856, 8.523348, 'virtual scale', '2017-05-30', '2017-12-03')]",0.25
2519,1,"[(47.391856, 8.523348, 'virtual scale', '2017-05-30', '2017-12-03')]",0.25
1996,1,"[(47.391856, 8.523348, 'virtual scale', '2017-05-30', '2017-12-03')]",0.25
5462,2,"[(47.391974, 8.552873, 'virtual scale', '2021-01-26', '2022-08-07'), (47.396384, 8.567287, 'temporary stream', '2021-03-14', '2022-08-07')]",0.243
51761,3,"[(47.389403, 8.56156, 'temporary stream', '2020-11-03', '2022-08-07'), (47.38787, 8.563581, 'temporary stream', '2020-11-03', '2022-08-07'), (47.392019, 8.569112, 'temporary stream', '2021-03-14', '2022-08-07')]",0.221
45549,2,"[(47.391974, 8.552873, 'virtual scale', '2021-01-26', '2022-08-07'), (47.395013, 8.551618, 'temporary stream', '2021-01-26', '2022-02-17')]",0.22
123381,1,"[(50.325182, 11.738552, 'physical scale', '2025-09-29', '2026-04-26')]",0.2
118667,1,"[(50.325182, 11.738552, 'physical scale', '2025-09-29', '2026-04-26')]",0.2
39784,2,"[(47.393323, 8.553011, 'temporary stream', '2020-11-11', '2022-08-07'), (47.391974, 8.552873, 'virtual scale', '2021-01-26', '2022-08-07')]",0.176
38059,2,"[(47.391386, 8.560455, 'temporary stream', '2020-11-03', '2022-08-07'), (47.392019, 8.569112, 'temporary stream', '2021-03-14', '2022-08-07')]",0.174
2267,3,"[(47.38787, 8.563581, 'temporary stream', '2020-11-03', '2022-08-07'), (47.393323, 8.553011, 'temporary stream', '2020-11-11', '2022-08-07'), (47.395013, 8.551618, 'temporary stream', '2021-01-26', '2022-02-17')]",0.169
28688,1,"[(-37.830344, -71.674649, 'virtual scale', '2020-05-20', '2020-12-17')]",0.167
59554,2,"[(47.38787, 8.563581, 'temporary stream', '2020-11-03', '2022-08-07'), (47.391386, 8.560455, 'temporary stream', '2020-11-03', '2022-08-07')]",0.142
38289,2,"[(47.38787, 8.563581, 'temporary stream', '2020-11-03', '2022-08-07'), (47.391386, 8.560455, 'temporary stream', '2020-11-03', '2022-08-07')]",0.142
39177,2,"[(47.389403, 8.56156, 'temporary stream', '2020-11-03', '2022-08-07'), (47.391693, 8.555383, 'temporary stream', '2021-01-22', '2022-08-07')]",0.127
37245,1,"[(47.396384, 8.567287, 'temporary stream', '2021-03-14', '2022-08-07')]",0.1
60224,1,"[(47.396384, 8.567287, 'temporary stream', '2021-03-14', '2022-08-07')]",0.1
54127,1,"[(47.396384, 8.567287, 'temporary stream', '2021-03-14', '2022-08-07')]",0.1
40016,1,"[(47.396384, 8.567287, 'temporary stream', '2021-03-14', '2022-08-07')]",0.1
39502,2,"[(47.38787, 8.563581, 'temporary stream', '2020-11-03', '2022-08-07'), (47.393323, 8.553011, 'temporary stream', '2020-11-11', '2022-08-07')]",0.092
63890,2,"[(47.38787, 8.563581, 'temporary stream', '2020-11-03', '2022-08-07'), (47.393323, 8.553011, 'temporary stream', '2020-11-11', '2022-08-07')]",0.092
56404,1,"[(47.392019, 8.569112, 'temporary stream', '2021-03-14', '2022-08-07')]",0.091
53942,1,"[(47.392019, 8.569112, 'temporary stream', '2021-03-14', '2022-08-07')]",0.091
53508,2,"[(47.393323, 8.553011, 'temporary stream', '2020-11-11', '2022-08-07'), (47.391693, 8.555383, 'temporary stream', '2021-01-22', '2022-08-07')]",0.089
38051,2,"[(47.393323, 8.553011, 'temporary stream', '2020-11-11', '2022-08-07'), (47.391693, 8.555383, 'temporary stream', '2021-01-22', '2022-08-07')]",0.089
39558,1,"[(47.391386, 8.560455, 'temporary stream', '2020-11-03', '2022-08-07')]",0.083
2258,1,"[(47.391386, 8.560455, 'temporary stream', '2020-11-03', '2022-08-07')]",0.083
57523,1,"[(47.395013, 8.551618, 'temporary stream', '2021-01-26', '2022-02-17')]",0.077
57582,1,"[(47.395013, 8.551618, 'temporary stream', '2021-01-26', '2022-02-17')]",0.077
57568,1,"[(47.395013, 8.551618, 'temporary stream', '2021-01-26', '2022-02-17')]",0.077
57517,1,"[(47.395013, 8.551618, 'temporary stream', '2021-01-26', '2022-02-17')]",0.077
64372,1,"[(47.395096, 8.570016, 'temporary stream', '2021-01-26', '2022-08-07')]",0.071
39441,1,"[(47.395096, 8.570016, 'temporary stream', '2021-01-26', '2022-08-07')]",0.071
48424,1,"[(47.395096, 8.570016, 'temporary stream', '2021-01-26', '2022-08-07')]",0.071
62555,1,"[(47.395096, 8.570016, 'temporary stream', '2021-01-26', '2022-08-07')]",0.071
53539,1,"[(47.395096, 8.570016, 'temporary stream', '2021-01-26', '2022-08-07')]",0.071
51631,1,"[(47.395096, 8.570016, 'temporary stream', '2021-01-26', '2022-08-07')]",0.071
35174,1,"[(47.395096, 8.570016, 'temporary stream', '2021-01-26', '2022-08-07')]",0.071
67410,1,"[(47.389403, 8.56156, 'temporary stream', '2020-11-03', '2022-08-07')]",0.071
36554,1,"[(47.389403, 8.56156, 'temporary stream', '2020-11-03', '2022-08-07')]",0.071
36890,1,"[(47.38787, 8.563581, 'temporary stream', '2020-11-03', '2022-08-07')]",0.059
37366,1,"[(47.38787, 8.563581, 'temporary stream', '2020-11-03', '2022-08-07')]",0.059
55655,1,"[(47.38787, 8.563581, 'temporary stream', '2020-11-03', '2022-08-07')]",0.059
37794,1,"[(47.391693, 8.555383, 'temporary stream', '2021-01-22', '2022-08-07')]",0.056
57328,1,"[(47.391693, 8.555383, 'temporary stream', '2021-01-22', '2022-08-07')]",0.056
53509,1,"[(47.391693, 8.555383, 'temporary stream', '2021-01-22', '2022-08-07')]",0.056
52522,1,"[(47.391693, 8.555383, 'temporary stream', '2021-01-22', '2022-08-07')]",0.056
39300,1,"[(47.391693, 8.555383, 'temporary stream', '2021-01-22', '2022-08-07')]",0.056
38055,1,"[(47.391693, 8.555383, 'temporary stream', '2021-01-22', '2022-08-07')]",0.056
38386,1,"[(47.393323, 8.553011, 'temporary stream', '2020-11-11', '2022-08-07')]",0.033
35961,1,"[(47.393323, 8.553011, 'temporary stream', '2020-11-11', '2022-08-07')]",0.033
34459,1,"[(47.393323, 8.553011, 'temporary stream', '2020-11-11', '2022-08-07')]",0.033
52836,1,"[(47.393323, 8.553011, 'temporary stream', '2020-11-11', '2022-08-07')]",0.033
44485,1,"[(47.393323, 8.553011, 'temporary stream', '2020-11-11', '2022-08-07')]",0.033
38602,1,"[(47.393323, 8.553011, 'temporary stream', '2020-11-11', '2022-08-07')]",0.033
38660,1,"[(47.393323, 8.553011, 'temporary stream', '2020-11-11', '2022-08-07')]",0.033
6400,1,"[(47.393323, 8.553011, 'temporary stream', '2020-11-11', '2022-08-07')]",0.033
52894,1,"[(47.393323, 8.553011, 'temporary stream', '2020-11-11', '2022-08-07')]",0.033
29918,1,"[(47.393323, 8.553011, 'temporary stream', '2020-11-11', '2022-08-07')]",0.033
59117,1,"[(47.393323, 8.553011, 'temporary stream', '2020-11-11', '2022-08-07')]",0.033
