latitude,longitude,Country,Region,streak_days,streak_start,streak_end,n_users,user_ids,n_obs,Category
47.394939,8.733537,Switzerland,Zürich,2229.0,2020-05-22,2026-06-29,1,[28919],1983,virtual scale
47.789612,13.068625,Austria,Salzburg,2189.0,2018-08-17,2024-08-14,3,"[2316, 7867, 2005]",904,virtual scale
47.395523,8.73067,Switzerland,Zürich,2055.0,2020-11-12,2026-06-29,1,[28919],1857,virtual scale
51.060439,-115.328485,Canada,Alberta,1893.0,2019-04-21,2024-06-26,2,"[15185, 93483]",1743,temporary stream
49.375012,8.888853,Germany,Baden-Württemberg,1854.0,2020-06-26,2025-07-24,1,[30178],1785,physical scale
49.375062,8.889207,Germany,Baden-Württemberg,1822.0,2020-07-28,2025-07-24,1,[30178],1761,physical scale
46.9904,7.450782,Switzerland,Bern,1579.0,2017-10-25,2022-02-20,1,[3065],495,virtual scale
46.991798,7.464945,Switzerland,Bern,1442.0,2018-03-11,2022-02-20,1,[3065],271,temporary stream
51.562064,-0.867595,United Kingdom,Buckinghamshire,1429.0,2022-01-20,2025-12-19,1,[27610],104,temporary stream
51.580956,-0.87388,United Kingdom,Buckinghamshire,1429.0,2022-01-20,2025-12-19,1,[27610],105,temporary stream
47.726072,13.065014,Austria,Salzburg,1429.0,2017-12-25,2021-11-23,3,"[2316, 4264, 5659]",1125,virtual scale
51.581133,-0.873914,United Kingdom,Buckinghamshire,1429.0,2022-01-20,2025-12-19,1,[27610],105,temporary stream
51.608782,-0.881946,United Kingdom,Buckinghamshire,1429.0,2022-01-20,2025-12-19,1,[27610],105,temporary stream
51.602487,-0.880738,United Kingdom,Buckinghamshire,1429.0,2022-01-20,2025-12-19,1,[27610],106,temporary stream
51.571622,-0.870799,United Kingdom,Buckinghamshire,1429.0,2022-01-20,2025-12-19,2,"[27610, 93344]",111,temporary stream
51.574168,-0.871882,United Kingdom,Buckinghamshire,1429.0,2022-01-20,2025-12-19,1,[27610],106,temporary stream
48.305487,7.869942,Germany,Baden-Württemberg,1418.0,2020-10-07,2024-08-25,2,"[33894, 11596]",234,virtual scale
52.193365,9.082108,Germany,Niedersachsen,1401.0,2020-08-30,2024-07-01,1,[31773],304,temporary stream
47.03009,7.51161,Switzerland,Bern,1339.0,2018-06-19,2022-02-17,1,[3065],431,virtual scale
47.391386,8.560455,Switzerland,Zürich,1300.0,2020-11-03,2024-05-26,14,"[11370, 35073, 35124, 29636, 6542, 2203, 38289, 39558, 38316, 2258, 38059, 59554, 76739, 88137]",269,temporary stream
48.328912,16.214674,Austria,Niederösterreich,1257.0,2020-07-11,2023-12-20,1,[29542],682,temporary stream
44.236064,-69.099955,United States of America,Maine,1141.0,2023-05-15,2026-06-29,2,"[82037, 108071]",381,physical scale
46.989099,7.462622,Switzerland,Bern,1141.0,2019-01-06,2022-02-20,1,[3065],203,soil moisture
51.558765,-0.868546,United Kingdom,Buckinghamshire,1106.0,2022-01-20,2025-01-30,1,[27610],82,temporary stream
48.327366,16.216394,Austria,Niederösterreich,1066.0,2020-07-28,2023-06-29,2,"[29542, 32535]",303,virtual scale
51.602152,-0.880616,United Kingdom,Buckinghamshire,1023.0,2023-03-02,2025-12-19,1,[27610],76,temporary stream
47.393323,8.553011,Switzerland,Zürich,998.0,2020-10-01,2023-06-26,34,"[11370, 2267, 35124, 29636, 35961, 34459, 6542, 37064, 11596, 38386, 38602, 38660, 2203, 38316, 39502, 39784, 39906, 38051, 44485, 48606, 52836, 52894, 36126, 6097, 29918, 59117, 63890, 6400, 64580, 53508, 70957, 73050, 78311, 83061]",258,temporary stream
48.179503,16.259209,Austria,Wien,994.0,2023-08-09,2026-04-29,2,"[476, 829]",292,temporary stream
46.990429,7.450526,Switzerland,Bern,928.0,2019-08-07,2022-02-20,1,[3065],283,virtual scale
51.585528,-0.874559,United Kingdom,Buckinghamshire,883.0,2022-01-20,2024-06-21,1,[27610],68,temporary stream
46.461532,6.837685,Switzerland,Vaud,865.0,2021-05-21,2023-10-03,2,"[39422, 52314]",343,virtual scale
47.391693,8.555383,Switzerland,Zürich,826.0,2020-10-01,2023-01-05,22,"[11370, 2267, 35124, 29636, 35969, 36554, 11596, 37064, 37794, 2203, 38051, 38055, 6542, 39177, 38316, 39300, 39906, 52522, 53508, 53509, 57328, 36126]",207,temporary stream
47.395013,8.551618,Switzerland,Zürich,826.0,2020-10-01,2023-01-05,18,"[11370, 2267, 35124, 29636, 36554, 2203, 6542, 38316, 39906, 45549, 57568, 57523, 57517, 57582, 59268, 11596, 71939, 71946]",215,temporary stream
47.389403,8.56156,Switzerland,Zürich,793.0,2020-11-03,2023-01-05,16,"[11370, 35073, 35124, 29636, 37064, 6542, 36554, 2203, 39177, 36126, 48606, 51761, 64580, 67410, 74175, 6097]",235,temporary stream
47.395096,8.570016,Switzerland,Zürich,793.0,2020-11-03,2023-01-05,19,"[11370, 35073, 35124, 29636, 36538, 11596, 36807, 36849, 37202, 2203, 39441, 48424, 53539, 36126, 35174, 6097, 62555, 51631, 64372]",160,temporary stream
47.392019,8.569112,Switzerland,Zürich,793.0,2020-11-03,2023-01-05,16,"[11370, 35073, 35124, 29636, 36304, 37070, 38289, 38290, 38059, 48606, 51761, 11596, 53942, 56404, 6097, 64580]",152,temporary stream
47.38787,8.563581,Switzerland,Zürich,793.0,2020-11-03,2023-01-05,17,"[11370, 35073, 35124, 29636, 36890, 6542, 37366, 2203, 38289, 11596, 39502, 48606, 51761, 2267, 55655, 59554, 63890]",226,temporary stream
47.396384,8.567287,Switzerland,Zürich,793.0,2020-11-03,2023-01-05,20,"[11370, 35043, 35073, 35069, 35124, 29636, 36554, 11596, 36854, 36858, 36538, 37245, 36126, 2203, 2267, 40016, 54127, 60224, 62018, 5462]",161,temporary stream
47.391566,8.557843,Switzerland,Zürich,785.0,2020-11-11,2023-01-05,6,"[35124, 29636, 11370, 6542, 38316, 36126]",181,temporary stream
47.395864,8.554719,Switzerland,Zürich,784.0,2020-11-12,2023-01-05,8,"[29636, 35124, 37357, 11370, 2203, 2267, 59268, 36126]",132,temporary stream
47.391974,8.552873,Switzerland,Zürich,783.0,2020-11-13,2023-01-05,8,"[29636, 35124, 37064, 6542, 39784, 39906, 45549, 5462]",162,virtual scale
47.390484,8.560081,Switzerland,Zürich,742.0,2020-12-24,2023-01-05,5,"[37064, 35124, 38316, 11370, 6542]",160,temporary stream
47.395183,8.570167,Switzerland,Zürich,709.0,2021-01-26,2023-01-05,6,"[35124, 11370, 11596, 29636, 36126, 6097]",123,temporary stream
47.397035,8.563857,Switzerland,Zürich,704.0,2021-01-31,2023-01-05,5,"[35124, 2203, 36126, 11596, 11370]",120,temporary stream
48.179503,16.259209,Austria,Wien,698.0,2021-07-13,2023-06-11,2,"[476, 829]",179,temporary stream
48.345657,16.238686,Austria,Niederösterreich,692.0,2020-07-27,2022-06-19,2,"[29542, 25791]",139,virtual scale
48.34557,16.239102,Austria,Niederösterreich,655.0,2020-09-02,2022-06-19,1,[29542],120,soil moisture
51.546732,-3.264197,United Kingdom,"Rhondda, Cynon, Taff",652.0,2020-03-29,2022-01-10,1,[17235],113,temporary stream
47.726031,13.064971,Austria,Salzburg,626.0,2018-12-27,2020-09-13,2,"[2316, 4264]",562,soil moisture
47.127686,8.743197,Switzerland,Schwyz,613.0,2019-02-19,2020-10-24,4,"[4152, 6542, 2203, 2005]",240,virtual scale
47.39214,8.571244,Switzerland,Zürich,604.0,2021-05-11,2023-01-05,5,"[36126, 35124, 11596, 11370, 64580]",106,temporary stream
46.996912,7.437544,Switzerland,Bern,594.0,2017-10-25,2019-06-11,1,[3065],84,virtual scale
48.328912,16.214674,Austria,Niederösterreich,584.0,2024-01-20,2025-08-26,1,[29542],177,temporary stream
47.303375,7.695009,Switzerland,Solothurn,551.0,2018-06-19,2019-12-22,1,[7079],226,virtual scale
38.910211,-77.318062,United States of America,Virginia,541.0,2021-09-01,2023-02-24,1,[56020],144,virtual scale
51.547258,-3.260742,United Kingdom,"Rhondda, Cynon, Taff",541.0,2020-03-29,2021-09-21,1,[17235],135,temporary stream
51.546977,-3.26152,United Kingdom,"Rhondda, Cynon, Taff",541.0,2020-03-29,2021-09-21,1,[17235],134,temporary stream
51.546988,-3.261001,United Kingdom,"Rhondda, Cynon, Taff",541.0,2020-03-29,2021-09-21,1,[17235],135,temporary stream
48.34563,16.239208,Austria,Niederösterreich,531.0,2021-01-04,2022-06-19,1,[29542],85,soil moisture
45.929578,5.347315,France,Ain,525.0,2020-02-07,2021-07-16,1,[25925],38,temporary stream
47.985406,7.959071,Germany,Baden-Württemberg,516.0,2019-01-14,2020-06-13,1,[11290],187,virtual scale
47.388274,8.564053,Switzerland,Zürich,510.0,2021-08-13,2023-01-05,4,"[11370, 35124, 59271, 6542]",96,temporary stream
47.388087,8.563878,Switzerland,Zürich,510.0,2021-08-13,2023-01-05,3,"[11370, 35124, 6542]",75,temporary stream
47.38787,8.563581,Switzerland,Zürich,476.0,2023-02-05,2024-05-26,4,"[6542, 35124, 78311, 11370]",46,temporary stream
47.388274,8.564053,Switzerland,Zürich,476.0,2023-02-05,2024-05-26,3,"[6542, 35124, 11370]",45,temporary stream
47.389403,8.56156,Switzerland,Zürich,476.0,2023-02-05,2024-05-26,6,"[6542, 35124, 32346, 11370, 85890, 95698]",48,temporary stream
47.390484,8.560081,Switzerland,Zürich,476.0,2023-02-05,2024-05-26,4,"[6542, 35124, 78311, 11370]",46,temporary stream
47.391566,8.557843,Switzerland,Zürich,476.0,2023-02-05,2024-05-26,3,"[6542, 35124, 11370]",44,temporary stream
44.223495,-69.079544,United States of America,Maine,470.0,2023-05-16,2024-08-28,1,[82037],114,physical scale
52.193365,9.082108,Germany,Niedersachsen,465.0,2024-08-01,2025-11-09,1,[31773],73,temporary stream
46.505148,6.641866,Switzerland,Vaud,463.0,2023-03-16,2024-06-21,1,[52314],92,stream type
46.505148,6.641866,Switzerland,Vaud,463.0,2023-03-16,2024-06-21,1,[52314],92,virtual scale
47.396071,8.56832,Switzerland,Zürich,455.0,2021-10-07,2023-01-05,4,"[35124, 11370, 62018, 64580]",74,temporary stream
48.125518,15.129206,Austria,Niederösterreich,447.0,2018-03-28,2019-06-18,1,[5514],72,virtual scale
52.858377,-6.106779,Ireland,Wicklow,446.0,2023-03-02,2024-05-21,1,[77727],39,virtual scale
47.396246,8.547143,Switzerland,Zürich,433.0,2021-02-17,2022-04-26,18,"[2203, 6542, 50994, 50990, 50991, 51008, 51009, 51006, 51018, 51017, 33740, 11370, 6400, 57517, 57582, 57568, 57523, 57551]",75,temporary stream
47.39574,8.547442,Switzerland,Zürich,433.0,2021-02-17,2022-04-26,11,"[2203, 6542, 39784, 11596, 51001, 51017, 51009, 11370, 6400, 57568, 57523]",63,temporary stream
48.34557,16.239102,Austria,Niederösterreich,430.0,2022-07-28,2023-10-01,1,[29542],43,soil moisture
48.34563,16.239208,Austria,Niederösterreich,430.0,2022-07-28,2023-10-01,1,[29542],40,soil moisture
44.235586,-69.100391,United States of America,Maine,427.0,2023-06-27,2024-08-27,1,[82037],95,virtual scale
47.377942,8.577293,Switzerland,Zürich,421.0,2021-09-26,2022-11-21,1,[35124],52,temporary stream
47.394035,8.576515,Switzerland,Zürich,421.0,2021-09-26,2022-11-21,2,"[35124, 11370]",53,temporary stream
47.381577,8.577933,Switzerland,Zürich,421.0,2021-09-26,2022-11-21,2,"[35124, 65630]",54,temporary stream
47.383756,8.578685,Switzerland,Zürich,421.0,2021-09-26,2022-11-21,1,[35124],52,temporary stream
47.391408,8.57954,Switzerland,Zürich,421.0,2021-09-26,2022-11-21,2,"[35124, 11370]",53,temporary stream
47.391318,8.579599,Switzerland,Zürich,421.0,2021-09-26,2022-11-21,2,"[35124, 11370]",53,temporary stream
47.376664,8.583599,Switzerland,Zürich,421.0,2021-09-26,2022-11-21,1,[35124],52,temporary stream
47.378601,8.582788,Switzerland,Zürich,421.0,2021-09-26,2022-11-21,1,[35124],52,temporary stream
47.390763,8.580509,Switzerland,Zürich,421.0,2021-09-26,2022-11-21,2,"[35124, 11370]",53,temporary stream
47.390136,8.581164,Switzerland,Zürich,421.0,2021-09-26,2022-11-21,2,"[35124, 11370]",53,temporary stream
47.395954,8.575262,Switzerland,Zürich,417.0,2021-09-30,2022-11-21,2,"[35124, 11370]",52,temporary stream
47.985418,7.959271,Germany,Baden-Württemberg,417.0,2020-06-17,2021-08-08,1,[11290],200,virtual scale
46.973372,7.477991,Switzerland,Bern,417.0,2020-12-27,2022-02-17,1,[3065],77,physical scale
47.394524,8.576044,Switzerland,Zürich,417.0,2021-09-30,2022-11-21,2,"[35124, 11370]",52,temporary stream
47.39641,8.572059,Switzerland,Zürich,412.0,2021-10-05,2022-11-21,2,"[35124, 11370]",49,temporary stream
-37.830344,-71.674649,Chile,Bío-Bío,407.0,2020-05-16,2021-06-27,7,"[28674, 28321, 28317, 28694, 28682, 28688, 64798]",196,virtual scale
51.540098,-3.264515,United Kingdom,"Rhondda, Cynon, Taff",397.0,2020-12-19,2022-01-20,1,[17235],109,virtual scale
48.30787,7.88816,Germany,Baden-Württemberg,394.0,2021-02-10,2022-03-11,1,[33894],34,stream type
42.771621,77.474021,Kyrgyzstan,Ysyk-Köl,393.0,2024-09-21,2025-10-19,1,[87709],54,virtual scale
47.985418,7.959271,Germany,Baden-Württemberg,380.0,2021-10-10,2022-10-25,1,[11290],104,virtual scale
47.391856,8.523348,Switzerland,Zürich,377.0,2017-04-08,2018-04-20,5,"[2277, 2519, 2005, 1996, 4198]",60,virtual scale
51.602152,-0.880616,United Kingdom,Buckinghamshire,373.0,2022-01-20,2023-01-28,1,[27610],30,temporary stream
51.567633,-0.868554,United Kingdom,Buckinghamshire,372.0,2024-01-24,2025-01-30,1,[27610],27,temporary stream
-37.829512,-71.676122,Chile,Bío-Bío,371.0,2021-03-04,2022-03-10,4,"[28674, 28321, 28317, 64798]",91,virtual scale
