Expected years of schooling;Mean years of schooling;Education_Index;ADM0_A3
18.9;13.9;0.963630876;ISL
18.8;13.1;0.937265406;NOR
16.7;13.9;0.927957649;CHE
18.7;13.0;0.93424402;DNK
17.3;14.3;0.95735737;DEU
19.0;12.7;0.924677525;SWE
20.7;12.9;0.928999996;AUS
16.9;12.4;0.880996142;HKG
18.6;12.7;0.922331563;NLD
19.0;12.7;0.922988348;BEL
19.2;11.7;0.890833319;IRL
19.5;13.0;0.932654182;FIN
16.7;12.0;0.864729966;SGP
17.8;13.5;0.944418589;GBR
15.6;13.0;0.866377497;ARE
15.9;13.9;0.903673882;CAN
15.4;12.4;0.841792522;LIE
19.3;12.9;0.929433269;NZL
15.9;13.9;0.905972227;USA
16.6;12.7;0.885702204;KOR
17.5;13.0;0.917183701;SVN
16.3;12.4;0.864389968;AUT
15.5;12.7;0.853689892;JPN
15.9;12.4;0.855963684;MLT
14.4;12.6;0.818477682;LUX
16.1;11.8;0.839275576;FRA
14.9;13.5;0.865990942;ISR
17.8;10.8;0.85382391;ESP
16.8;13.0;0.898592207;CZE
16.7;10.8;0.825220917;ITA
14.6;11.4;0.784215743;SMR
14.5;11.6;0.790966389;AND
16.2;12.6;0.869012377;CYP
20.8;11.6;0.885128547;GRC
16.7;13.2;0.9035703;POL
16.0;13.6;0.895623872;EST
16.9;11.6;0.857698439;SAU
15.9;11.1;0.813421943;BHR
16.5;13.6;0.910764177;LTU
17.5;9.7;0.80918682;PRT
16.3;12.1;0.857286008;HRV
16.5;13.4;0.904832738;LVA
13.1;10.8;0.724032238;QAT
14.9;13.1;0.851963738;SVK
16.9;11.3;0.846157917;CHL
15.5;12.3;0.840759643;HUN
18.8;11.2;0.872819395;ARG
15.5;12.8;0.857367789;MNE
17.5;10.5;0.836998865;URY
13.4;11.9;0.769647778;OMN
19.8;9.0;0.799541455;TUR
15.9;7.6;0.69398469;KWT
15.5;11.6;0.818888862;ATG
18.2;11.2;0.873331667;SYC
15.3;11.5;0.807279917;BGR
14.1;11.6;0.775357792;ROU
16.8;12.7;0.888741917;GEO
18.4;10.8;0.861646693;KNA
13.3;10.8;0.730891971;PAN
13.7;9.3;0.689917218;BRN
14.0;12.5;0.807367402;KAZ
16.3;8.8;0.748981663;CRI
15.0;11.6;0.805895049;SRB
13.2;12.4;0.779920833;RUS
13.7;12.3;0.792257157;BLR
11.9;12.8;0.757463404;BHS
12.7;11.1;0.721788687;MYS
14.8;10.2;0.751595534;MKD
14.4;11.3;0.777717332;ARM
16.6;9.9;0.792834169;BRB
14.5;10.2;0.742236754;ALB
14.2;10.8;0.755248439;TTO
14.2;10.1;0.730189283;MUS
13.2;11.0;0.731331688;BIH
14.0;10.8;0.74956625;IRN
16.3;11.3;0.82798447;VCT
15.4;9.0;0.727967635;THA
15.5;8.0;0.697837984;CHN
14.9;10.2;0.752638213;PER
16.6;9.4;0.775360232;GRD
12.9;11.1;0.727604977;AZE
14.5;9.3;0.713542311;MEX
14.3;9.0;0.697897451;COL
15.8;8.4;0.719532122;BRA
14.1;13.3;0.834062932;PLW
14.6;11.8;0.800960233;MDA
13.3;11.1;0.740980456;UKR
14.9;9.0;0.711546405;ECU
13.6;9.4;0.693065316;DOM
13.0;8.7;0.651804813;GUY
13.1;10.8;0.723671034;LKA
17.8;10.9;0.857913026;TON
12.8;7.4;0.601690397;MDV
15.5;9.0;0.728714291;VNM
13.2;11.2;0.741387276;TKM
15.5;7.4;0.677634013;DZA
13.9;10.6;0.739906314;CUB
14.2;10.1;0.730586313;DMA
14.0;8.9;0.686218158;PRY
13.1;10.1;0.702514041;EGY
13.1;10.2;0.705473598;JOR
11.7;10.4;0.67019443;LBN
12.7;8.6;0.640761391;LCA
13.6;9.4;0.692823733;MNG
14.7;7.6;0.660761187;TUN
13.8;11.6;0.770145824;ZAF
12.5;11.9;0.743135267;UZB
15.6;10.0;0.767669941;BOL
12.5;9.7;0.669609969;GAB
16.4;11.6;0.843057166;MHL
11.4;10.5;0.666646671;BWA
13.8;10.4;0.730384826;FJI
13.3;8.7;0.660345698;IDN
11.0;8.4;0.585411424;SUR
12.0;8.8;0.624959665;BLZ
12.9;7.8;0.618305125;LBY
12.4;10.0;0.675980221;JAM
12.7;12.1;0.755359687;KGZ
12.8;10.0;0.688659283;PHL
15.1;6.2;0.62534973;MAR
13.0;9.7;0.682762194;VEN
12.4;11.3;0.723221676;WSM
11.5;9.9;0.650828976;NIC
12.8;9.4;0.671694523;NRU
13.2;5.8;0.559880429;BTN
15.2;8.7;0.713007878;SWZ
12.4;6.8;0.569318247;IRQ
10.8;11.3;0.677081831;TJK
12.4;10.8;0.702667275;TUV
12.3;6.8;0.568282451;BGD
13.0;6.9;0.589181677;IND
11.1;7.3;0.552025292;SLV
12.5;8.3;0.623021876;GNQ
13.0;10.1;0.698722495;PSE
11.4;6.1;0.518754001;CPV
11.8;7.3;0.569800888;NAM
10.7;5.8;0.491510847;GTM
12.7;8.3;0.629697802;COG
10.2;7.5;0.532624482;HND
11.9;9.1;0.634116788;KIR
12.9;6.0;0.556716136;STP
13.3;6.2;0.575693325;TLS
11.4;7.1;0.554086447;GHA
11.5;8.6;0.606214662;KEN
13.8;4.5;0.532188325;NPL
11.8;7.2;0.5675406;VUT
9.6;6.1;0.468827179;LAO
12.2;6.0;0.536527989;AGO
11.5;7.3;0.564975386;FSM
11.5;6.4;0.532237795;MMR
11.2;5.2;0.484289233;KHM
13.3;6.0;0.569518581;COM
11.1;8.9;0.604846383;ZWE
11.0;7.4;0.552706088;ZMB
10.8;6.6;0.518913782;CMR
11.3;5.9;0.510240509;SLB
11.4;4.9;0.479309161;CIV
11.6;6.3;0.53201233;UGA
12.6;4.9;0.512401401;RWA
11.5;5.0;0.485169699;PNG
13.1;5.9;0.559160039;TGO
7.4;5.9;0.403927183;SYR
7.9;4.9;0.382554769;MRT
10.5;7.6;0.544923164;NGA
8.6;6.1;0.440671115;TZA
10.9;5.4;0.482086629;HTI
11.0;7.7;0.562845936;LSO
7.9;4.3;0.363208137;PAK
9.1;2.9;0.351782626;SEN
9.0;4.7;0.405210341;GMB
10.9;7.4;0.549048532;COD
9.9;5.2;0.449863328;MWI
10.4;3.2;0.396653329;BEN
10.6;3.7;0.417860784;GNB
6.2;4.0;0.30410689;DJI
8.6;4.0;0.371521441;SDN
10.5;6.2;0.496381223;LBR
7.3;5.1;0.3735086;ERI
10.4;2.5;0.371580919;GIN
9.2;2.4;0.336130537;ETH
10.8;2.5;0.383552536;AFG
10.8;4.6;0.454358241;MOZ
9.1;4.6;0.404822466;MDG
7.5;5.5;0.39099674;YEM
9.1;3.5;0.369624492;SLE
8.7;2.3;0.318144454;BFA
9.8;3.5;0.388837404;BDI
7.0;1.6;0.249092542;MLI
8.3;1.4;0.277879639;NER
8.3;2.3;0.309710336;TCD
7.4;4.0;0.339530154;CAF
7.5;1.9;0.271282365;SOM
5.6;5.7;0.347521393;SSD
;;;
;;;
;;;
;;;
;;;
;;;
;;;
;;;
;;;
;;;
;;;
;;;
;;;
;;;
;;;
;;;
;;;
;;;
;;;
;;;
;;;
;;;
;;;
;;;
;;;
;;;
